username,fullName,roles,team,classIds,scope
test001,,viewer,,,
test002,,viewer,,,
test003,,viewer,,,
test004,,viewer,,,
test005,,viewer,,,
test006,,viewer,,,
test007,,viewer,,,
test008,,viewer,,,
test009,,viewer,,,
test010,,viewer,,,
test011,,viewer,,,
test012,,viewer,,,
test013,,viewer,,,
test014,,viewer,,,
test015,,viewer,,,
test016,,viewer,,,
test017,,viewer,,,
test018,,viewer,,,
test019,,viewer,,,
test020,,viewer,,,
test021,,viewer,,,
test022,,viewer,,,
test023,,viewer,,,
test024,,viewer,,,
test025,,viewer,,,
test026,,viewer,,,
test027,,viewer,,,
test028,,viewer,,,
test029,,viewer,,,
test030,,viewer,,,
test031,,viewer,,,
test032,,viewer,,,
test033,,viewer,,,
test034,,viewer,,,
test035,,viewer,,,
test036,,viewer,,,
test037,,viewer,,,
test038,,viewer,,,
test039,,viewer,,,
test040,,viewer,,,
test041,,viewer,,,
test042,,viewer,,,
test043,,viewer,,,
test044,,viewer,,,
test045,,viewer,,,
test046,,viewer,,,
test047,,viewer,,,
test048,,viewer,,,
test049,,viewer,,,
test050,,viewer,,,
test051,,viewer,,,
test052,,viewer,,,
test053,,viewer,,,
test054,,viewer,,,
test055,,viewer,,,
test056,,viewer,,,
test057,,viewer,,,
test058,,viewer,,,
test059,,viewer,,,
test060,,viewer,,,
test061,,viewer,,,
test062,,viewer,,,
test063,,viewer,,,
test064,,viewer,,,
test065,,viewer,,,
test066,,viewer,,,
test067,,viewer,,,
test068,,viewer,,,
test069,,viewer,,,
test070,,viewer,,,
test071,,viewer,,,
test072,,viewer,,,
test073,,viewer,,,
test074,,viewer,,,
test075,,viewer,,,
test076,,viewer,,,
test077,,viewer,,,
test078,,viewer,,,
test079,,viewer,,,
test080,,viewer,,,
test081,,viewer,,,
test082,,viewer,,,
test083,,viewer,,,
test084,,viewer,,,
test085,,viewer,,,
test086,,viewer,,,
test087,,viewer,,,
test088,,viewer,,,
test089,,viewer,,,
test090,,viewer,,,
test091,,viewer,,,
test092,,viewer,,,
test093,,viewer,,,
test094,,viewer,,,
test095,,viewer,,,
test096,,viewer,,,
test097,,viewer,,,
test098,,viewer,,,
test099,,viewer,,,
test100,,viewer,,,

